-- phpMyAdmin SQL Dump
-- version 5.2.1
-- https://www.phpmyadmin.net/
--
-- Servidor: 127.0.0.1
-- Tiempo de generación: 10-11-2024 a las 12:49:02
-- Versión del servidor: 10.4.28-MariaDB
-- Versión de PHP: 8.2.4

SET SQL_MODE = "NO_AUTO_VALUE_ON_ZERO";
START TRANSACTION;
SET time_zone = "+00:00";


/*!40101 SET @OLD_CHARACTER_SET_CLIENT=@@CHARACTER_SET_CLIENT */;
/*!40101 SET @OLD_CHARACTER_SET_RESULTS=@@CHARACTER_SET_RESULTS */;
/*!40101 SET @OLD_COLLATION_CONNECTION=@@COLLATION_CONNECTION */;
/*!40101 SET NAMES utf8mb4 */;

--
-- Base de datos: `restaurante-version-mejorada`
--

-- --------------------------------------------------------

--
-- Estructura de tabla para la tabla `category_list`
--

CREATE TABLE `category_list` (
  `id` int(30) NOT NULL,
  `name` text NOT NULL,
  `description` text NOT NULL,
  `status` tinyint(1) NOT NULL DEFAULT 1,
  `delete_flag` tinyint(1) NOT NULL DEFAULT 0,
  `date_created` datetime NOT NULL DEFAULT current_timestamp(),
  `date_updated` datetime NOT NULL DEFAULT current_timestamp() ON UPDATE current_timestamp()
) ENGINE=InnoDB DEFAULT CHARSET=utf8mb4 COLLATE=utf8mb4_general_ci;

--
-- Volcado de datos para la tabla `category_list`
--

INSERT INTO `category_list` (`id`, `name`, `description`, `status`, `delete_flag`, `date_created`, `date_updated`) VALUES
(1, 'Sopas', 'El éxito de una buena cena es disfrutar la experiencia de comer de principio a fin, sobre todo si es para un día especial. Porque queremos que deleites a tus invitados, hicimos una selección de entradas para abrir el apetito con un delicioso plato inicial en Navidad, Año Nuevo o cuando quieras. Revisa las recetas, elige las mejores ideas y ¡prepáralas siguiendo los pasos!', 1, 1, '2022-05-30 08:41:47', '2023-07-05 12:49:33'),
(2, 'Bebidas', 'Se denomina bebida a la sustancia que puede beberse. Esta acción (beber) alude a la ingesta de un líquido. El agua, la gaseosa, el vino, el café y la cerveza son algunas de las bebidas más populares.', 1, 1, '2022-05-30 08:42:12', '2023-07-05 12:49:22'),
(3, 'Desayunos', 'Una dieta sana y equilibrada es la que permite que el cuerpo funcione de manera óptima. Para lograrlo, es fundamental que se base en alimentos que potencien el buen funcionamiento del organismo y eviten las enfermedades relacionadas con la alimentación, como la obesidad o los problemas cardiovasculares. Por esta razón, los expertos recomiendan que la dieta forme parte de un estilo de vida saludable, sea rica en alimentos de origen vegetal y fibra y, por contra, sea baja en grasa de origen animal, en dulces y productos muy calóricos. El presente artículo reseña las principales características de una dieta saludable y presenta sugerencias concretas para el desayuno y la cena.', 1, 1, '2022-05-30 08:43:05', '2023-07-05 12:49:37'),
(4, 'Verduras', 'Cuando hablamos de comida, uno de los alimentos más difíciles de ser consumido tanto por chicos como por grandes siempre han sido y serán las recetas con verduras, debido a que su sabor no es tan grato como otros alimentos.', 1, 1, '2022-05-30 08:43:21', '2023-07-05 12:49:50'),
(5, 'Entradas', 'La entrada, como su nombre lo indica, es el plato que antecede al segundo plato o principal. Por lo general, son platos de elaboración simple y porciones pequeñas que preparan al comensal para consumir el plato principal.', 1, 1, '2022-05-30 08:43:34', '2023-07-05 12:49:40'),
(6, 'Aliño', 'Las hierbas y especias son condimentos esenciales en la cocina vegetariana, pues nos ayudan a potenciar el sabor de los alimentos frescos: Albahaca: con quesos y tomates.m', 1, 1, '2022-05-30 08:43:53', '2023-07-05 12:49:11'),
(7, 'test', 'etst - updated', 0, 1, '2022-05-30 08:44:01', '2022-05-30 08:44:16'),
(8, 'Granos', '“Grano” se refiere a alimentos hechos con trigo, arroz, avena, cebada u otro grano de cereal. Algunos ejemplos son el pan, el cereal de desayuno, la harina de avena y las tortillas de maíz.', 1, 1, '2022-05-30 08:44:37', '2023-07-05 12:49:44'),
(9, 'Carnes', 'Carne de res: Para bistéc, asados, guisos, barbacóas. Carne de cerdo: Costillas, jamones, falda, espaldilla, paletilla. Carne de caballo: Bistéc, milanesas, guisos, estofados. Carne ovina: Cordero, borrego, oveja, capón y carnero.', 1, 1, '2022-05-30 08:44:56', '2023-07-05 12:49:28'),
(10, 'BIONICOS', 'BIONICOS', 1, 1, '2023-05-12 02:02:55', '2023-07-05 12:49:25'),
(11, 'REFRESCOS', 'RESFRESCOS', 1, 1, '2023-05-12 02:03:14', '2023-07-05 12:49:47'),
(12, 'Almuerzos', 'Comidas fuertes para el medio día', 1, 1, '2023-05-20 17:19:09', '2023-07-05 12:49:15'),
(13, 'almuerzos2', '', 1, 1, '2023-06-22 02:31:58', '2023-07-05 12:49:18'),
(14, 'ENCHILADAS', '', 1, 0, '2023-07-10 20:58:30', '2023-07-10 20:58:30'),
(15, 'CHILAQUILES', '', 1, 0, '2023-07-10 21:00:05', '2023-07-10 21:00:05'),
(16, 'REFRESCOS', '', 1, 0, '2023-07-11 03:48:48', '2023-07-11 03:48:48'),
(17, 'AGUAS', '', 1, 0, '2023-07-11 04:12:58', '2023-07-11 04:12:58'),
(18, 'ENSALADAS', 'Ensaladas', 1, 0, '2023-08-16 16:00:20', '2023-08-16 16:00:20'),
(19, 'POSTRES', '', 1, 0, '2023-08-16 16:00:46', '2023-08-16 16:00:46'),
(20, 'ALMUERZOS', '', 1, 0, '2023-08-16 16:01:16', '2023-08-16 16:01:16'),
(21, 'DESAYUNO', '', 1, 0, '2023-08-16 16:01:28', '2023-08-16 16:01:28');

-- --------------------------------------------------------

--
-- Estructura de tabla para la tabla `menu_list`
--

CREATE TABLE `menu_list` (
  `id` int(30) NOT NULL,
  `category_id` int(30) NOT NULL,
  `code` varchar(100) NOT NULL,
  `name` text NOT NULL,
  `description` text NOT NULL,
  `price` float(12,2) NOT NULL DEFAULT 0.00,
  `status` tinyint(1) NOT NULL DEFAULT 1,
  `delete_flag` tinyint(1) NOT NULL DEFAULT 0,
  `date_created` datetime NOT NULL DEFAULT current_timestamp(),
  `date_updated` datetime NOT NULL DEFAULT current_timestamp() ON UPDATE current_timestamp()
) ENGINE=InnoDB DEFAULT CHARSET=utf8mb4 COLLATE=utf8mb4_general_ci;

--
-- Volcado de datos para la tabla `menu_list`
--

INSERT INTO `menu_list` (`id`, `category_id`, `code`, `name`, `description`, `price`, `status`, `delete_flag`, `date_created`, `date_updated`) VALUES
(1, 1, 'Sop1', 'Chupe de camarones', 'Es la sopa perfecta, o como diría El Corregidor en 1959: “¡Es la Venus de Milo del sopeo peruano!”. Este plato arequipeño que por lo general se sirve los domingos lleva un caldo hecho con las carcasas del crustáceo; un aderezo con ají panca, ajo y cebolla; arroz, papa amarilla, habas, choclo y arverjas; y se termina con queso fresco, huevo ponchado o frito, chorrito de leche y huacatay. Celestial. Prueba nuestra versión, y no olvides respetar la veda de camarón.', 85.00, 1, 1, '2022-05-30 09:06:02', '2023-07-05 12:50:24'),
(2, 3, 'DES1', 'Compota de Manzana con Queso Fresco', 'En tan solo 25 minutos puedes preparar esta deliciosa compota para desayunar. La puedes dejar hecha el día antes y simplemente servirla cuando vayas a comerla. Y solo tiene 165 calorías por ración. ', 115.00, 1, 1, '2022-05-30 09:07:42', '2023-07-05 12:50:46'),
(3, 3, 'DES2', 'Tortilla', '¿A quién no le apetece un desayuno de película? Seguro que alguna vez has soñado con esas tortitas que aparecen en las películas americanas, pues ahora puedes darte ese capricho y hacerlo de la forma más saludable. ¡Sí, has leído bien! Sasha Fitness nos enseña en sus redes como preparar este delicioso desayuno sin tener que enfrentarse a la báscula. ', 145.00, 1, 1, '2022-05-30 09:08:34', '2023-07-05 12:50:49'),
(4, 9, 'Car1', 'Pampero Parrilla Argentina', 'La tira de asado es un clásico corte de asado argentino en el que la carne se corta en dirección perpendicular a las costillas. En lugar de separar cada costilla de forma longitudinal, como habitualmente acostumbramos a verlas, el corte se da de forma transversal, dejando tiras de unos cuatro centímetros aproximadamente y que contienen cuatro o cinco huesos de costilla.\r\n\r\nEste tipo de carne está llena de sabor para asar tanto en la parrilla como a las brasas, además de resultar divertida de comer, ya que la mejor carne es la que está pegada al hueso. En general se prefieren las primeras costillas, ya que tienen menos grasa y más sabor, si bien es cierto que son más finas que las siguientes. Se trata de uno de los cortes de carne argentinos de mayor popularidad y presencia en los asados del país.', 455.00, 1, 1, '2022-05-30 09:09:53', '2022-08-08 23:22:41'),
(5, 2, 'D1', 'Soda Gaseosa', 'Bebidas Gaseosas', 25.00, 1, 1, '2022-05-30 09:11:13', '2023-07-05 12:50:39'),
(6, 2, 'D2', 'Jugo de Arándanos', 'Esta bebida le aporta al organismo una serie de valiosas propiedades nutricionales. Si bien se ha popularizado en sus presentaciones comerciales, la mejor forma de aprovechar su perfil nutricional es a través del consumo de su versión 100% natural. ', 25.00, 1, 1, '2022-05-30 09:11:38', '2023-07-05 12:50:42'),
(7, 5, 'Ent1', 'Aguacate Relleno con Camárones', 'Aguacate relleno con camarones, cebolla, rábanos, pimiento rojo, apio, huevo duro y alioli o mayonesa de cilantro.', 75.00, 1, 1, '2022-05-30 09:12:07', '2023-07-05 12:50:52'),
(8, 5, 'Ent2', 'Carne en Palito', 'Carne en palito: La carne en palito son pinchos de carne de res cortada finamente, adobada con ajo, achiote, y comino, y asados a la parrilla.', 80.00, 1, 1, '2022-05-30 09:12:33', '2023-07-05 12:50:56'),
(9, 2, 'Beb23', 'Jugo de Mango', 'Jugo de Mango con Soda', 15.00, 1, 1, '2022-07-12 01:42:16', '2023-07-05 12:50:32'),
(11, 10, '1', 'BIONICO DE DURAZNO', 'BIONICOS', 35.00, 1, 1, '2023-05-12 02:03:54', '2023-05-20 23:52:25'),
(12, 11, 'COCA', 'COCA COLA 600ML', 'COCA', 15.00, 1, 1, '2023-05-12 02:07:40', '2023-07-05 12:50:36'),
(13, 12, '121212AL', 'Sancocho de Costilla', 'Sancocho hecho con costilla de res', 5600.00, 1, 1, '2023-05-20 17:20:06', '2023-07-05 12:50:29'),
(14, 14, '00001', 'ENCHILADAS VERDE POLLO', '', 85.00, 1, 0, '2023-07-10 20:59:25', '2023-07-10 20:59:25'),
(15, 15, '00002', 'CHILAQUILES ROJOS POLLO', '', 75.00, 1, 0, '2023-07-10 21:00:51', '2023-07-10 21:00:51'),
(16, 16, '00003', 'REFRESCO NARANJA', '', 20.00, 1, 0, '2023-07-11 03:52:57', '2023-07-11 04:14:59'),
(17, 16, '00004', 'REFRESCO MANZANA', '', 20.00, 1, 0, '2023-07-11 04:22:34', '2023-07-11 04:22:34'),
(18, 16, '00005', 'REFRESCO UVA', '', 20.00, 1, 0, '2023-07-11 04:24:04', '2023-07-11 04:24:04'),
(19, 16, '00007', 'REFRESCO AGUA MINERAL', '', 20.00, 1, 0, '2023-07-11 22:26:37', '2023-07-11 22:26:37'),
(20, 20, '00008', 'Pollo Frito', '1/4 de Pollo a la Broaster con Papas fritas y 2 arepitas', 5.00, 1, 0, '2023-08-16 16:03:09', '2023-08-16 16:03:09'),
(21, 16, '00009', 'JUGO DE PARCHITA', 'Jugo Natural de Fruta Parchita', 0.50, 1, 0, '2023-08-16 16:03:52', '2023-08-16 16:03:52');

-- --------------------------------------------------------

--
-- Estructura de tabla para la tabla `order_items`
--

CREATE TABLE `order_items` (
  `id` int(11) NOT NULL,
  `order_id` int(30) NOT NULL,
  `menu_id` int(30) NOT NULL,
  `price` float(12,2) NOT NULL DEFAULT 0.00,
  `quantity` int(30) NOT NULL DEFAULT 0,
  `status` tinyint(1) NOT NULL DEFAULT 0
) ENGINE=InnoDB DEFAULT CHARSET=utf8mb4 COLLATE=utf8mb4_general_ci;

--
-- Volcado de datos para la tabla `order_items`
--

INSERT INTO `order_items` (`id`, `order_id`, `menu_id`, `price`, `quantity`, `status`) VALUES
(1, 1, 7, 75.00, 2, 1),
(2, 1, 4, 455.00, 2, 1),
(3, 2, 3, 145.00, 2, 1),
(4, 2, 2, 115.00, 1, 1),
(5, 2, 5, 25.00, 2, 1),
(6, 2, 6, 25.00, 1, 1),
(7, 3, 3, 145.00, 2, 1),
(8, 3, 2, 115.00, 1, 1),
(9, 3, 5, 25.00, 2, 1),
(10, 3, 6, 25.00, 1, 1),
(11, 4, 2, 115.00, 1, 1),
(12, 5, 5, 25.00, 2, 1),
(13, 5, 4, 455.00, 1, 1),
(14, 6, 1, 85.00, 5, 1),
(15, 7, 2, 115.00, 2, 1),
(16, 8, 4, 455.00, 1, 1),
(17, 9, 5, 25.00, 2, 1),
(18, 9, 4, 455.00, 1, 1),
(19, 9, 1, 85.00, 2, 1),
(20, 10, 5, 25.00, 2, 1),
(21, 10, 1, 85.00, 2, 1),
(22, 11, 4, 455.00, 1, 1),
(23, 12, 6, 25.00, 1, 1),
(24, 12, 4, 455.00, 1, 1),
(25, 13, 6, 25.00, 1, 1),
(26, 13, 4, 455.00, 1, 1),
(27, 13, 7, 75.00, 1, 1),
(28, 14, 9, 15.00, 1, 1),
(29, 14, 4, 455.00, 1, 1),
(30, 15, 6, 25.00, 1, 1),
(31, 15, 8, 80.00, 1, 1),
(32, 16, 5, 25.00, 1, 1),
(33, 16, 4, 455.00, 1, 1),
(34, 17, 9, 15.00, 1, 1),
(35, 18, 9, 15.00, 1, 1),
(36, 19, 6, 25.00, 1, 1),
(37, 20, 1, 85.00, 4, 1),
(38, 21, 6, 25.00, 1, 1),
(39, 21, 4, 455.00, 1, 1),
(40, 21, 3, 145.00, 1, 1),
(41, 22, 9, 15.00, 1, 1),
(42, 22, 4, 455.00, 1, 1),
(43, 22, 8, 80.00, 1, 1),
(44, 23, 4, 455.00, 1, 1),
(45, 23, 9, 15.00, 2, 1),
(46, 23, 5, 25.00, 1, 1),
(47, 23, 1, 85.00, 1, 1),
(48, 24, 6, 25.00, 1, 1),
(49, 24, 5, 25.00, 1, 1),
(50, 24, 4, 455.00, 1, 1),
(51, 25, 6, 25.00, 1, 1),
(52, 25, 5, 25.00, 1, 1),
(53, 25, 4, 455.00, 1, 1),
(54, 26, 6, 25.00, 1, 1),
(55, 26, 5, 25.00, 1, 1),
(56, 26, 4, 455.00, 1, 1),
(57, 27, 6, 25.00, 1, 1),
(58, 27, 9, 15.00, 1, 1),
(59, 28, 4, 455.00, 1, 1),
(60, 29, 6, 25.00, 1, 1),
(61, 30, 6, 25.00, 1, 1),
(62, 30, 9, 15.00, 1, 1),
(63, 30, 5, 25.00, 1, 1),
(64, 30, 4, 455.00, 1, 1),
(65, 31, 6, 25.00, 9, 1),
(66, 31, 9, 15.00, 7, 1),
(67, 31, 5, 25.00, 7, 1),
(68, 31, 4, 455.00, 7, 1),
(69, 31, 3, 145.00, 11, 1),
(70, 31, 2, 115.00, 10, 1),
(71, 32, 6, 25.00, 1, 1),
(72, 33, 6, 25.00, 1, 1),
(73, 33, 5, 25.00, 1, 1),
(74, 34, 6, 25.00, 1, 1),
(75, 34, 4, 455.00, 1, 1),
(76, 34, 7, 75.00, 1, 1),
(77, 34, 8, 80.00, 1, 1),
(78, 34, 1, 85.00, 1, 1),
(79, 35, 6, 25.00, 4, 1),
(80, 36, 9, 15.00, 1, 1),
(81, 36, 6, 25.00, 1, 1),
(82, 36, 5, 25.00, 1, 1),
(83, 37, 9, 15.00, 1, 1),
(84, 37, 7, 75.00, 1, 1),
(85, 37, 8, 80.00, 1, 1),
(86, 37, 3, 145.00, 1, 1),
(87, 38, 6, 25.00, 1, 1),
(88, 38, 9, 15.00, 1, 1),
(89, 38, 5, 25.00, 1, 1),
(90, 39, 4, 455.00, 1, 1),
(91, 40, 6, 25.00, 1, 1),
(92, 40, 5, 25.00, 1, 1),
(93, 40, 9, 15.00, 1, 1),
(94, 41, 6, 25.00, 1, 1),
(95, 42, 4, 455.00, 2, 1),
(96, 43, 6, 25.00, 1, 1),
(97, 43, 5, 25.00, 2, 1),
(98, 44, 5, 25.00, 1, 1),
(99, 45, 2, 115.00, 1, 1),
(100, 46, 6, 25.00, 1, 1),
(101, 47, 5, 25.00, 1, 1),
(102, 48, 6, 25.00, 1, 1),
(103, 48, 4, 455.00, 1, 1),
(104, 49, 5, 25.00, 2, 1),
(105, 50, 6, 25.00, 1, 1),
(106, 50, 4, 455.00, 1, 1),
(107, 51, 6, 25.00, 2, 1),
(108, 51, 9, 15.00, 2, 1),
(109, 51, 4, 455.00, 2, 1),
(110, 52, 6, 25.00, 3, 1),
(111, 52, 9, 15.00, 3, 1),
(112, 52, 5, 25.00, 5, 1),
(113, 52, 4, 455.00, 4, 1),
(114, 52, 1, 85.00, 2, 1),
(115, 53, 4, 455.00, 1, 1),
(116, 53, 9, 15.00, 1, 1),
(117, 54, 2, 115.00, 7, 1),
(118, 54, 3, 145.00, 4, 1),
(119, 55, 6, 25.00, 1, 1),
(120, 56, 6, 25.00, 1, 1),
(121, 56, 5, 25.00, 1, 1),
(122, 57, 4, 455.00, 1, 1),
(123, 58, 1, 85.00, 1, 1),
(124, 58, 5, 25.00, 3, 1),
(125, 59, 6, 25.00, 1, 1),
(126, 60, 9, 15.00, 1, 1),
(127, 62, 6, 25.00, 1, 1),
(128, 62, 4, 455.00, 1, 1),
(129, 63, 4, 455.00, 1, 1),
(130, 64, 6, 25.00, 1, 1),
(131, 64, 4, 455.00, 1, 1),
(132, 64, 3, 145.00, 1, 1),
(133, 65, 6, 25.00, 3, 1),
(134, 65, 9, 15.00, 1, 1),
(135, 65, 5, 25.00, 1, 1),
(136, 65, 8, 80.00, 2, 1),
(137, 66, 6, 25.00, 2, 1),
(138, 66, 4, 455.00, 1, 1),
(139, 66, 3, 145.00, 4, 1),
(140, 67, 6, 25.00, 1, 1),
(141, 67, 9, 15.00, 1, 1),
(142, 67, 5, 25.00, 1, 1),
(143, 68, 6, 25.00, 5, 1),
(144, 69, 9, 15.00, 1, 1),
(145, 69, 5, 25.00, 1, 1),
(146, 69, 6, 25.00, 1, 1),
(147, 69, 3, 145.00, 1, 1),
(148, 69, 2, 115.00, 1, 1),
(149, 69, 1, 85.00, 1, 1),
(150, 69, 7, 75.00, 1, 1),
(151, 69, 8, 80.00, 1, 1),
(152, 70, 6, 25.00, 3, 1),
(153, 70, 9, 15.00, 3, 1),
(154, 70, 5, 25.00, 3, 1),
(155, 70, 1, 85.00, 1, 1),
(156, 71, 6, 25.00, 1, 1),
(157, 71, 9, 15.00, 1, 1),
(158, 71, 5, 25.00, 1, 1),
(159, 72, 6, 25.00, 1, 1),
(160, 72, 2, 115.00, 1, 1),
(161, 73, 9, 15.00, 1, 1),
(162, 74, 9, 15.00, 2, 1),
(163, 75, 9, 15.00, 1, 1),
(164, 76, 6, 25.00, 1, 1),
(165, 77, 6, 25.00, 1, 1),
(166, 78, 6, 25.00, 1, 1),
(167, 79, 1, 85.00, 1, 1),
(168, 80, 5, 25.00, 1, 1),
(169, 81, 2, 115.00, 1, 1),
(170, 82, 2, 115.00, 1, 1),
(171, 83, 9, 15.00, 1, 1),
(172, 84, 6, 25.00, 1, 1),
(173, 86, 9, 15.00, 1, 1),
(174, 86, 5, 25.00, 1, 1),
(175, 86, 3, 145.00, 1, 1),
(176, 86, 2, 115.00, 1, 1),
(177, 87, 6, 25.00, 4, 1),
(178, 87, 9, 15.00, 2, 1),
(179, 88, 2, 115.00, 2, 1),
(180, 88, 8, 80.00, 1, 1),
(181, 89, 6, 25.00, 2, 1),
(182, 89, 9, 15.00, 2, 1),
(183, 91, 9, 15.00, 1, 1),
(184, 91, 3, 145.00, 1, 1),
(185, 92, 5, 25.00, 1, 1),
(186, 93, 9, 15.00, 2, 1),
(187, 93, 6, 25.00, 2, 1),
(188, 93, 1, 85.00, 1, 1),
(189, 94, 9, 15.00, 1, 1),
(190, 94, 5, 25.00, 1, 1),
(191, 94, 1, 85.00, 1, 1),
(192, 94, 7, 75.00, 1, 1),
(193, 0, 9, 15.00, 2, 1),
(194, 0, 5, 25.00, 1, 1),
(195, 0, 3, 145.00, 1, 1),
(196, 0, 2, 115.00, 1, 1),
(197, 96, 9, 15.00, 2, 1),
(198, 96, 5, 25.00, 1, 1),
(199, 96, 3, 145.00, 1, 1),
(200, 96, 2, 115.00, 1, 1),
(201, 97, 6, 25.00, 1, 1),
(202, 97, 9, 15.00, 1, 1),
(203, 98, 6, 25.00, 1, 1),
(204, 98, 9, 15.00, 1, 1),
(205, 99, 9, 15.00, 1, 1),
(206, 99, 6, 25.00, 1, 1),
(207, 0, 9, 15.00, 1, 1),
(208, 0, 3, 145.00, 1, 1),
(209, 0, 2, 115.00, 1, 1),
(210, 0, 9, 15.00, 1, 1),
(211, 0, 6, 25.00, 1, 1),
(212, 0, 3, 145.00, 1, 1),
(213, 0, 8, 80.00, 1, 1),
(214, 0, 7, 75.00, 1, 1),
(215, 0, 9, 15.00, 1, 1),
(216, 0, 6, 25.00, 1, 1),
(217, 0, 9, 15.00, 1, 1),
(218, 0, 6, 25.00, 1, 1),
(219, 0, 3, 145.00, 1, 1),
(220, 0, 2, 115.00, 1, 1),
(221, 0, 3, 145.00, 1, 1),
(222, 0, 2, 115.00, 1, 1),
(223, 115, 9, 15.00, 1, 1),
(224, 0, 9, 15.00, 1, 1),
(225, 0, 6, 25.00, 1, 1),
(226, 0, 3, 145.00, 1, 1),
(227, 0, 9, 15.00, 1, 1),
(228, 0, 7, 75.00, 1, 1),
(229, 0, 8, 80.00, 1, 1),
(230, 0, 9, 15.00, 1, 1),
(231, 0, 5, 25.00, 1, 1),
(232, 120, 9, 15.00, 1, 1),
(233, 0, 9, 15.00, 1, 1),
(234, 122, 9, 15.00, 1, 1),
(235, 124, 9, 15.00, 1, 1),
(236, 125, 9, 15.00, 1, 1),
(237, 125, 5, 25.00, 1, 1),
(238, 125, 3, 145.00, 1, 1),
(239, 125, 2, 115.00, 1, 1),
(240, 126, 9, 15.00, 1, 1),
(241, 126, 6, 25.00, 1, 1),
(242, 127, 6, 25.00, 2, 1),
(243, 127, 3, 145.00, 2, 1),
(244, 127, 2, 115.00, 2, 1),
(245, 128, 6, 25.00, 1, 1),
(246, 129, 9, 15.00, 2, 1),
(247, 129, 6, 25.00, 1, 1),
(248, 130, 9, 15.00, 1, 1),
(249, 130, 5, 25.00, 1, 1),
(250, 131, 9, 15.00, 1, 1),
(251, 131, 5, 25.00, 1, 1),
(252, 132, 9, 15.00, 1, 1),
(253, 132, 5, 25.00, 1, 1),
(254, 133, 9, 15.00, 1, 1),
(255, 133, 5, 25.00, 1, 1),
(256, 134, 9, 15.00, 1, 1),
(257, 134, 6, 25.00, 1, 1),
(258, 135, 9, 15.00, 1, 1),
(259, 135, 6, 25.00, 1, 1),
(260, 136, 9, 15.00, 1, 1),
(261, 136, 6, 25.00, 1, 1),
(262, 136, 3, 145.00, 1, 1),
(263, 136, 2, 115.00, 1, 1),
(264, 137, 9, 15.00, 1, 1),
(265, 137, 6, 25.00, 1, 1),
(266, 137, 3, 145.00, 1, 1),
(267, 137, 2, 115.00, 1, 1),
(268, 138, 9, 15.00, 1, 1),
(269, 138, 6, 25.00, 1, 1),
(270, 139, 9, 15.00, 1, 1),
(271, 139, 6, 25.00, 1, 1),
(272, 140, 9, 15.00, 1, 1),
(273, 140, 6, 25.00, 1, 1),
(274, 141, 6, 25.00, 1, 1),
(275, 141, 9, 15.00, 1, 1),
(276, 142, 6, 25.00, 1, 1),
(277, 142, 9, 15.00, 1, 1),
(278, 143, 9, 15.00, 3, 1),
(279, 144, 9, 15.00, 1, 1),
(280, 145, 9, 15.00, 1, 1),
(281, 146, 9, 15.00, 1, 1),
(282, 147, 9, 15.00, 1, 1),
(283, 147, 6, 25.00, 1, 1),
(284, 148, 9, 15.00, 1, 1),
(285, 148, 5, 25.00, 1, 1),
(286, 149, 9, 15.00, 1, 1),
(287, 149, 6, 25.00, 1, 1),
(288, 150, 6, 25.00, 1, 1),
(289, 150, 9, 15.00, 1, 1),
(290, 151, 9, 15.00, 1, 1),
(291, 151, 6, 25.00, 1, 1),
(292, 152, 9, 15.00, 1, 1),
(293, 152, 6, 25.00, 1, 1),
(294, 153, 9, 15.00, 1, 1),
(295, 154, 9, 15.00, 1, 1),
(296, 155, 9, 15.00, 1, 1),
(297, 156, 9, 15.00, 1, 1),
(298, 157, 6, 25.00, 1, 1),
(299, 158, 9, 15.00, 1, 1),
(300, 158, 6, 25.00, 1, 1),
(301, 159, 6, 25.00, 1, 1),
(302, 160, 9, 15.00, 1, 1),
(303, 161, 6, 25.00, 1, 1),
(304, 162, 9, 15.00, 1, 1),
(305, 162, 6, 25.00, 1, 1),
(306, 162, 5, 25.00, 1, 1),
(307, 163, 9, 15.00, 1, 1),
(308, 163, 5, 25.00, 1, 1),
(309, 164, 9, 15.00, 1, 1),
(310, 164, 6, 25.00, 1, 1),
(311, 165, 9, 15.00, 1, 1),
(312, 165, 6, 25.00, 1, 1),
(313, 166, 9, 15.00, 1, 1),
(314, 166, 6, 25.00, 1, 1),
(315, 167, 6, 25.00, 1, 1),
(316, 167, 9, 15.00, 1, 1),
(317, 167, 5, 25.00, 2, 1),
(318, 168, 9, 15.00, 1, 1),
(319, 168, 6, 25.00, 1, 1),
(320, 168, 5, 25.00, 1, 1),
(321, 169, 9, 15.00, 1, 1),
(322, 169, 6, 25.00, 1, 1),
(323, 169, 5, 25.00, 1, 1),
(324, 170, 9, 15.00, 1, 1),
(325, 170, 6, 25.00, 1, 1),
(326, 170, 5, 25.00, 1, 1),
(327, 171, 5, 25.00, 6, 1),
(328, 171, 9, 15.00, 3, 1),
(329, 171, 6, 25.00, 1, 1),
(330, 172, 9, 15.00, 1, 1),
(331, 172, 6, 25.00, 3, 1),
(332, 172, 5, 25.00, 3, 1),
(333, 173, 9, 15.00, 1, 1),
(334, 173, 6, 25.00, 1, 1),
(335, 174, 9, 15.00, 1, 1),
(336, 174, 6, 25.00, 3, 1),
(337, 174, 5, 25.00, 3, 1),
(338, 175, 9, 15.00, 1, 1),
(339, 175, 6, 25.00, 3, 1),
(340, 175, 5, 25.00, 3, 1),
(341, 176, 3, 145.00, 1, 1),
(342, 176, 2, 115.00, 1, 1),
(343, 177, 9, 15.00, 1, 1),
(344, 177, 6, 25.00, 1, 1),
(345, 177, 5, 25.00, 1, 1),
(346, 178, 9, 15.00, 1, 1),
(347, 178, 6, 25.00, 1, 1),
(348, 172, 2, 115.00, 1, 1),
(349, 172, 3, 145.00, 1, 1),
(350, 172, 8, 80.00, 1, 1),
(351, 179, 9, 15.00, 1, 1),
(352, 179, 6, 25.00, 3, 1),
(353, 179, 5, 25.00, 3, 1),
(354, 179, 2, 115.00, 2, 1),
(355, 179, 3, 145.00, 1, 1),
(356, 179, 8, 80.00, 1, 1),
(357, 172, 1, 85.00, 1, 1),
(358, 180, 9, 15.00, 1, 1),
(359, 180, 6, 25.00, 3, 1),
(360, 180, 5, 25.00, 3, 1),
(361, 180, 2, 115.00, 1, 1),
(362, 180, 3, 145.00, 1, 1),
(363, 180, 8, 80.00, 1, 1),
(364, 180, 1, 85.00, 1, 1),
(365, 181, 9, 15.00, 1, 1),
(366, 181, 6, 25.00, 3, 1),
(367, 181, 5, 25.00, 3, 1),
(368, 181, 2, 115.00, 1, 1),
(369, 181, 3, 145.00, 1, 1),
(370, 181, 8, 80.00, 1, 1),
(371, 181, 1, 85.00, 1, 1),
(372, 172, 7, 75.00, 1, 1),
(373, 182, 9, 15.00, 1, 1),
(374, 182, 6, 25.00, 1, 1),
(375, 173, 3, 145.00, 1, 1),
(376, 183, 9, 15.00, 1, 1),
(377, 183, 6, 25.00, 1, 1),
(378, 183, 7, 75.00, 1, 1),
(379, 183, 3, 145.00, 1, 1),
(380, 183, 2, 115.00, 1, 1),
(381, 184, 3, 145.00, 1, 1),
(382, 184, 8, 80.00, 1, 1),
(383, 184, 9, 15.00, 1, 1),
(384, 184, 5, 25.00, 1, 1),
(385, 184, 6, 25.00, 1, 1),
(386, 184, 7, 75.00, 1, 1),
(387, 183, 1, 85.00, 1, 1),
(388, 184, 1, 85.00, 1, 1),
(389, 183, 8, 80.00, 1, 1),
(390, 185, 9, 15.00, 1, 1),
(391, 185, 5, 25.00, 1, 1),
(392, 185, 9, 15.00, 2, 1),
(393, 186, 9, 15.00, 1, 1),
(394, 186, 6, 25.00, 1, 1),
(395, 186, 9, 15.00, 1, 1),
(396, 187, 9, 15.00, 1, 1),
(397, 187, 5, 25.00, 1, 1),
(398, 188, 9, 15.00, 1, 1),
(399, 188, 5, 25.00, 1, 1),
(400, 188, 2, 115.00, 1, 1),
(401, 189, 9, 15.00, 1, 1),
(402, 189, 5, 25.00, 1, 1),
(403, 189, 2, 115.00, 1, 1),
(404, 187, 9, 15.00, 1, 1),
(405, 187, 1, 85.00, 1, 1),
(406, 190, 1, 85.00, 1, 1),
(407, 190, 7, 75.00, 1, 1),
(408, 191, 1, 85.00, 1, 1),
(409, 191, 7, 75.00, 1, 1),
(410, 192, 1, 85.00, 1, 1),
(411, 192, 7, 75.00, 1, 1),
(412, 193, 1, 85.00, 1, 1),
(413, 193, 7, 75.00, 1, 1),
(414, 194, 6, 25.00, 1, 1),
(415, 194, 9, 15.00, 1, 1),
(416, 195, 9, 15.00, 1, 1),
(417, 195, 3, 145.00, 1, 1),
(418, 196, 9, 15.00, 1, 1),
(419, 196, 3, 145.00, 1, 1),
(420, 191, 9, 15.00, 1, 1),
(421, 191, 2, 115.00, 1, 1),
(422, 197, 9, 15.00, 1, 1),
(423, 198, 9, 15.00, 1, 1),
(424, 198, 3, 145.00, 1, 1),
(425, 199, 3, 145.00, 1, 1),
(426, 200, 3, 145.00, 1, 1),
(427, 198, 6, 25.00, 1, 1),
(428, 198, 9, 15.00, 1, 1),
(429, 198, 3, 145.00, 1, 1),
(430, 198, 6, 25.00, 1, 1),
(431, 198, 1, 85.00, 1, 1),
(432, 201, 6, 25.00, 1, 1),
(433, 202, 3, 145.00, 1, 1),
(434, 202, 9, 15.00, 1, 1),
(435, 203, 3, 145.00, 1, 1),
(436, 203, 9, 15.00, 1, 1),
(437, 201, 2, 115.00, 1, 1),
(438, 201, 3, 145.00, 1, 1),
(439, 203, 2, 115.00, 1, 1),
(440, 207, 9, 15.00, 1, 1),
(441, 207, 6, 25.00, 1, 1),
(442, 207, 3, 145.00, 1, 1),
(443, 208, 9, 15.00, 1, 1),
(444, 208, 2, 115.00, 1, 1),
(445, 209, 9, 15.00, 1, 1),
(446, 209, 3, 145.00, 1, 1),
(447, 209, 2, 115.00, 1, 1),
(448, 209, 3, 145.00, 1, 1),
(449, 209, 3, 145.00, 1, 1),
(450, 209, 9, 15.00, 1, 1),
(451, 209, 9, 15.00, 1, 1),
(452, 209, 3, 145.00, 1, 1),
(453, 209, 2, 115.00, 1, 1),
(454, 209, 3, 145.00, 1, 1),
(455, 209, 3, 145.00, 1, 1),
(456, 209, 9, 15.00, 1, 1),
(457, 209, 5, 25.00, 1, 1),
(458, 210, 9, 15.00, 1, 1),
(459, 210, 6, 25.00, 1, 1),
(460, 210, 3, 145.00, 1, 1),
(461, 211, 6, 25.00, 1, 1),
(462, 211, 5, 25.00, 1, 1),
(463, 211, 3, 145.00, 1, 1),
(464, 211, 6, 25.00, 1, 1),
(465, 211, 6, 25.00, 1, 1),
(466, 211, 5, 25.00, 1, 1),
(467, 211, 3, 145.00, 1, 1),
(468, 211, 6, 25.00, 1, 1),
(469, 211, 9, 15.00, 1, 1),
(470, 211, 5, 25.00, 1, 1),
(471, 210, 5, 25.00, 1, 1),
(472, 212, 9, 15.00, 1, 1),
(473, 211, 5, 25.00, 1, 1),
(474, 211, 3, 145.00, 1, 1),
(475, 213, 9, 15.00, 1, 1),
(476, 213, 6, 25.00, 2, 1),
(477, 213, 3, 145.00, 1, 1),
(478, 213, 9, 15.00, 1, 1),
(479, 213, 6, 25.00, 2, 1),
(480, 213, 3, 145.00, 1, 1),
(481, 213, 2, 115.00, 1, 1),
(482, 213, 2, 115.00, 1, 1),
(483, 214, 1, 85.00, 1, 1),
(484, 214, 1, 85.00, 1, 1),
(485, 215, 8, 80.00, 1, 1),
(486, 215, 9, 15.00, 1, 1),
(487, 215, 8, 80.00, 1, 1),
(488, 215, 7, 75.00, 1, 1),
(489, 214, 7, 75.00, 1, 1),
(490, 214, 3, 145.00, 1, 1),
(491, 214, 2, 115.00, 1, 1),
(492, 216, 9, 15.00, 1, 1),
(493, 217, 9, 15.00, 1, 1),
(494, 217, 5, 25.00, 1, 1),
(495, 217, 9, 15.00, 1, 1),
(496, 217, 3, 145.00, 1, 1),
(497, 217, 3, 145.00, 1, 1),
(498, 214, 9, 15.00, 1, 1),
(499, 214, 5, 25.00, 1, 1),
(500, 218, 9, 15.00, 1, 1),
(501, 219, 9, 15.00, 1, 1),
(502, 219, 6, 25.00, 1, 1),
(503, 220, 9, 15.00, 1, 1),
(504, 220, 6, 25.00, 1, 1),
(505, 220, 3, 145.00, 1, 1),
(506, 220, 9, 15.00, 1, 1),
(507, 221, 9, 15.00, 1, 1),
(508, 221, 9, 15.00, 1, 1),
(509, 222, 9, 15.00, 1, 1),
(510, 222, 9, 15.00, 1, 1),
(511, 223, 9, 15.00, 1, 1),
(512, 220, 9, 15.00, 1, 1),
(513, 224, 9, 15.00, 1, 1),
(514, 224, 6, 25.00, 1, 1),
(515, 222, 9, 15.00, 1, 1),
(516, 224, 9, 15.00, 1, 1),
(517, 222, 9, 15.00, 1, 1),
(518, 223, 6, 25.00, 1, 1),
(519, 224, 9, 15.00, 1, 1),
(520, 224, 9, 15.00, 1, 1),
(521, 224, 3, 145.00, 1, 1),
(522, 223, 9, 15.00, 1, 1),
(523, 223, 6, 25.00, 1, 1),
(524, 223, 9, 15.00, 1, 1),
(525, 223, 6, 25.00, 1, 1),
(526, 223, 9, 15.00, 1, 1),
(527, 225, 6, 25.00, 1, 1),
(528, 222, 9, 15.00, 1, 1),
(529, 226, 9, 15.00, 1, 1),
(530, 227, 6, 25.00, 1, 1),
(531, 227, 3, 145.00, 1, 1),
(532, 228, 9, 15.00, 1, 1),
(533, 228, 6, 25.00, 2, 1),
(534, 228, 5, 25.00, 1, 1),
(535, 229, 5, 25.00, 1, 1),
(536, 230, 9, 15.00, 1, 1),
(537, 230, 6, 25.00, 1, 1),
(538, 231, 6, 25.00, 1, 1),
(539, 231, 5, 25.00, 1, 1),
(540, 225, 9, 15.00, 1, 1),
(541, 225, 5, 25.00, 1, 1),
(542, 232, 9, 15.00, 1, 1),
(543, 232, 6, 25.00, 1, 1),
(544, 232, 9, 15.00, 1, 1),
(545, 233, 9, 15.00, 1, 1),
(546, 233, 6, 25.00, 1, 1),
(547, 234, 9, 15.00, 1, 1),
(548, 234, 6, 25.00, 1, 1),
(549, 234, 5, 25.00, 1, 1),
(550, 235, 3, 145.00, 1, 1),
(551, 235, 2, 115.00, 3, 1),
(552, 235, 9, 15.00, 2, 1),
(553, 235, 6, 25.00, 1, 1),
(554, 236, 9, 15.00, 1, 1),
(555, 236, 6, 25.00, 1, 1),
(556, 236, 5, 25.00, 4, 1),
(557, 236, 3, 145.00, 1, 1),
(558, 236, 2, 115.00, 1, 1),
(559, 237, 6, 25.00, 1, 1),
(560, 237, 9, 15.00, 1, 1),
(561, 237, 5, 25.00, 2, 1),
(562, 238, 9, 15.00, 1, 1),
(563, 238, 6, 25.00, 3, 1),
(564, 238, 5, 25.00, 1, 1),
(565, 239, 3, 145.00, 1, 1),
(566, 239, 2, 115.00, 2, 1),
(567, 239, 9, 15.00, 1, 1),
(568, 238, 3, 145.00, 1, 1),
(569, 240, 9, 15.00, 1, 1),
(570, 240, 6, 25.00, 1, 1),
(571, 239, 6, 25.00, 1, 1),
(572, 238, 3, 145.00, 1, 1),
(573, 241, 9, 15.00, 1, 1),
(574, 241, 6, 25.00, 1, 1),
(575, 241, 5, 25.00, 4, 1),
(576, 241, 3, 145.00, 1, 1),
(577, 241, 2, 115.00, 1, 1),
(578, 242, 9, 15.00, 1, 1),
(579, 242, 6, 25.00, 1, 1),
(580, 243, 9, 15.00, 1, 1),
(581, 244, 3, 145.00, 1, 1),
(582, 245, 9, 15.00, 1, 1),
(583, 246, 5, 25.00, 1, 1),
(584, 245, 2, 115.00, 1, 1),
(585, 247, 9, 15.00, 1, 1),
(586, 247, 5, 25.00, 1, 1),
(587, 248, 3, 145.00, 1, 1),
(588, 248, 6, 25.00, 1, 1),
(589, 246, 9, 15.00, 1, 1),
(590, 249, 6, 25.00, 2, 0),
(591, 249, 9, 15.00, 4, 0),
(592, 249, 5, 25.00, 1, 0),
(593, 249, 9, 15.00, 1, 0),
(594, 249, 3, 145.00, 1, 0),
(595, 250, 9, 15.00, 1, 1),
(596, 251, 9, 15.00, 1, 1),
(597, 252, 9, 15.00, 1, 1),
(598, 253, 9, 15.00, 1, 1),
(599, 253, 9, 15.00, 1, 1),
(600, 254, 9, 15.00, 1, 1),
(601, 254, 3, 145.00, 1, 1),
(602, 255, 9, 15.00, 1, 1),
(603, 256, 9, 15.00, 1, 0),
(604, 256, 5, 25.00, 1, 0),
(605, 256, 3, 145.00, 1, 0),
(606, 256, 1, 85.00, 1, 0),
(607, 257, 5, 25.00, 1, 0),
(608, 257, 2, 115.00, 1, 0),
(609, 258, 6, 25.00, 1, 1),
(610, 258, 9, 15.00, 1, 1),
(611, 259, 2, 115.00, 1, 1),
(612, 259, 3, 145.00, 1, 1),
(613, 260, 7, 75.00, 1, 1),
(614, 260, 8, 80.00, 1, 1),
(615, 261, 9, 15.00, 1, 1),
(616, 261, 6, 25.00, 1, 1),
(617, 262, 7, 75.00, 1, 1),
(618, 262, 8, 80.00, 1, 1),
(619, 262, 3, 145.00, 1, 1),
(620, 263, 3, 145.00, 1, 1),
(621, 263, 2, 115.00, 1, 1),
(622, 264, 2, 115.00, 1, 1),
(623, 264, 3, 145.00, 1, 1),
(624, 265, 6, 25.00, 1, 1),
(625, 265, 9, 15.00, 1, 1),
(626, 266, 2, 115.00, 1, 1),
(627, 266, 3, 145.00, 1, 1),
(628, 267, 2, 115.00, 1, 1),
(629, 267, 3, 145.00, 1, 1),
(630, 268, 5, 25.00, 1, 1),
(631, 268, 3, 145.00, 1, 1),
(632, 269, 2, 115.00, 1, 1),
(633, 269, 9, 15.00, 1, 1),
(634, 270, 5, 25.00, 1, 0),
(635, 271, 11, 35.00, 1, 1),
(636, 271, 12, 15.00, 1, 1),
(637, 272, 11, 35.00, 4, 1),
(638, 272, 9, 15.00, 3, 1),
(639, 272, 6, 25.00, 1, 1),
(640, 273, 6, 25.00, 1, 1),
(641, 273, 3, 145.00, 1, 1),
(642, 274, 6, 25.00, 1, 1),
(643, 274, 11, 35.00, 1, 1),
(644, 274, 1, 85.00, 1, 1),
(645, 275, 13, 5600.00, 1, 1),
(646, 276, 13, 5600.00, 1, 1),
(647, 277, 13, 5600.00, 2, 1),
(648, 278, 6, 25.00, 10, 0),
(649, 278, 9, 15.00, 2, 0),
(650, 278, 5, 25.00, 5, 0),
(651, 278, 11, 35.00, 1, 0),
(652, 278, 13, 5600.00, 7, 0),
(653, 279, 6, 25.00, 1, 0),
(654, 279, 9, 15.00, 1, 0),
(655, 279, 5, 25.00, 1, 0),
(656, 280, 13, 5600.00, 1, 0),
(657, 280, 9, 15.00, 4, 0),
(658, 280, 5, 25.00, 9, 0),
(659, 280, 6, 25.00, 3, 0),
(660, 281, 13, 5600.00, 1, 0),
(661, 281, 9, 15.00, 1, 0),
(662, 281, 5, 25.00, 1, 0),
(663, 281, 3, 145.00, 1, 0),
(664, 281, 8, 80.00, 1, 0),
(665, 281, 1, 85.00, 1, 0),
(666, 282, 13, 5600.00, 1, 0),
(667, 283, 9, 15.00, 3, 0),
(668, 283, 5, 25.00, 2, 0),
(669, 283, 6, 25.00, 5, 0),
(670, 283, 1, 85.00, 5, 0),
(671, 283, 7, 75.00, 1, 0),
(672, 283, 8, 80.00, 1, 0),
(673, 278, 13, 5600.00, 1, 0),
(674, 284, 6, 25.00, 2, 0),
(675, 284, 2, 115.00, 1, 0),
(676, 284, 7, 75.00, 1, 0),
(677, 284, 12, 15.00, 1, 0),
(678, 284, 8, 80.00, 1, 0),
(679, 285, 1, 85.00, 1, 0),
(680, 285, 7, 75.00, 1, 0),
(681, 285, 8, 80.00, 1, 0),
(682, 286, 13, 5600.00, 1, 0),
(683, 286, 9, 15.00, 1, 0),
(684, 287, 1, 85.00, 1, 0),
(685, 287, 12, 15.00, 1, 0),
(686, 288, 13, 5600.00, 1, 0),
(687, 288, 6, 25.00, 1, 0),
(688, 288, 3, 145.00, 1, 0),
(689, 289, 9, 15.00, 1, 0),
(690, 289, 13, 5600.00, 1, 0),
(691, 286, 9, 15.00, 1, 0),
(692, 286, 5, 25.00, 1, 0),
(693, 290, 13, 5600.00, 1, 0),
(694, 286, 13, 5600.00, 2, 0),
(695, 286, 9, 15.00, 1, 0),
(696, 286, 9, 15.00, 1, 0),
(697, 286, 13, 5600.00, 2, 0),
(698, 291, 13, 5600.00, 3, 0),
(699, 278, 13, 5600.00, 1, 0),
(700, 292, 9, 15.00, 1, 0),
(701, 286, 3, 145.00, 1, 0),
(702, 293, 1, 85.00, 1, 0),
(703, 293, 12, 15.00, 1, 0),
(704, 294, 13, 5600.00, 1, 0),
(705, 294, 5, 25.00, 1, 0),
(706, 295, 13, 5600.00, 1, 0),
(707, 296, 13, 5600.00, 2, 0),
(708, 296, 9, 15.00, 1, 0),
(709, 296, 5, 25.00, 2, 0),
(710, 297, 13, 5600.00, 1, 0),
(711, 297, 9, 15.00, 1, 0),
(712, 298, 13, 5600.00, 1, 0),
(713, 298, 9, 15.00, 1, 0),
(714, 299, 13, 5600.00, 1, 0),
(715, 299, 6, 25.00, 1, 0),
(716, 299, 9, 15.00, 1, 0),
(717, 300, 13, 5600.00, 11, 1),
(718, 301, 13, 5600.00, 1, 0),
(719, 301, 9, 15.00, 1, 0),
(720, 302, 13, 5600.00, 1, 0),
(721, 303, 13, 5600.00, 1, 0),
(722, 304, 13, 5600.00, 1, 0),
(723, 304, 6, 25.00, 1, 0),
(724, 304, 5, 25.00, 1, 0),
(725, 305, 13, 5600.00, 4, 0),
(726, 306, 15, 75.00, 3, 1),
(727, 306, 14, 85.00, 1, 1),
(728, 307, 15, 75.00, 1, 1),
(729, 307, 14, 85.00, 2, 0),
(730, 308, 15, 75.00, 1, 1),
(731, 308, 16, 20.00, 1, 0),
(732, 309, 15, 75.00, 4, 1),
(733, 310, 15, 75.00, 1, 1),
(734, 311, 14, 85.00, 1, 0),
(735, 311, 18, 20.00, 1, 1),
(736, 312, 15, 75.00, 1, 1),
(737, 313, 15, 75.00, 1, 0),
(738, 314, 15, 75.00, 1, 0),
(739, 315, 14, 85.00, 1, 0),
(740, 316, 15, 75.00, 1, 0),
(741, 317, 16, 20.00, 1, 0),
(742, 317, 14, 85.00, 1, 0),
(743, 318, 15, 75.00, 1, 0),
(744, 318, 19, 20.00, 1, 0),
(745, 319, 14, 85.00, 1, 0),
(746, 320, 15, 75.00, 3, 0),
(747, 316, 19, 20.00, 1, 0),
(748, 312, 14, 85.00, 1, 0),
(749, 312, 15, 75.00, 1, 0),
(750, 312, 15, 75.00, 1, 0),
(751, 321, 15, 75.00, 1, 0),
(752, 321, 14, 85.00, 1, 0),
(753, 322, 14, 85.00, 2, 0),
(754, 323, 15, 75.00, 1, 0),
(755, 323, 14, 85.00, 1, 0),
(756, 323, 18, 20.00, 1, 0),
(757, 323, 17, 20.00, 1, 0),
(758, 324, 14, 85.00, 1, 0),
(759, 324, 15, 75.00, 1, 0),
(760, 324, 17, 20.00, 1, 0),
(761, 325, 15, 75.00, 1, 1),
(762, 326, 15, 75.00, 1, 0);

-- --------------------------------------------------------

--
-- Estructura de tabla para la tabla `order_list`
--

CREATE TABLE `order_list` (
  `id` int(30) NOT NULL,
  `user_id` int(30) NOT NULL,
  `table_id` int(11) DEFAULT NULL,
  `code` varchar(100) NOT NULL,
  `queue` varchar(50) NOT NULL,
  `total_amount` float(12,2) NOT NULL DEFAULT 0.00,
  `tendered_amount` float(12,2) NOT NULL DEFAULT 0.00,
  `observations` text DEFAULT NULL,
  `status` tinyint(1) NOT NULL DEFAULT 0 COMMENT '0 = Queued,\r\n1 = Served',
  `date_created` datetime NOT NULL DEFAULT current_timestamp(),
  `date_updated` datetime NOT NULL DEFAULT current_timestamp() ON UPDATE current_timestamp()
) ENGINE=InnoDB DEFAULT CHARSET=utf8mb4 COLLATE=utf8mb4_general_ci;

--
-- Volcado de datos para la tabla `order_list`
--

INSERT INTO `order_list` (`id`, `user_id`, `table_id`, `code`, `queue`, `total_amount`, `tendered_amount`, `observations`, `status`, `date_created`, `date_updated`) VALUES
(1, 1, NULL, '2022053000001', '00001', 1060.00, 1100.00, NULL, 2, '2022-05-30 13:18:45', '2023-05-04 17:28:59'),
(3, 1, NULL, '2022053000003', '00003', 480.00, 500.00, NULL, 2, '2022-05-30 14:13:12', '2023-05-04 17:29:03'),
(4, 1, NULL, '2022053000004', '00004', 115.00, 120.00, NULL, 2, '2022-05-30 14:14:10', '2023-05-04 17:29:01'),
(5, 1, NULL, '2022053000005', '00005', 505.00, 505.00, NULL, 2, '2022-05-30 14:14:38', '2023-05-04 17:29:06'),
(6, 1, NULL, '2022053000006', '00006', 425.00, 500.00, NULL, 2, '2022-05-30 14:17:37', '2023-05-04 17:30:07'),
(7, 1, NULL, '2022053000002', '00002', 230.00, 500.00, NULL, 2, '2022-05-30 15:37:52', '2023-05-04 17:30:07'),
(8, 1, NULL, '2022053000007', '00007', 455.00, 500.00, NULL, 2, '2022-05-30 15:38:24', '2023-05-04 17:30:07'),
(9, 1, NULL, '2022053000008', '00008', 675.00, 1000.00, NULL, 2, '2022-05-30 15:43:41', '2023-05-04 17:30:07'),
(10, 1, NULL, '2022053000009', '00009', 220.00, 250.00, NULL, 2, '2022-05-30 15:43:54', '2023-05-04 17:30:07'),
(11, 3, NULL, '2022053000010', '00010', 455.00, 500.00, NULL, 2, '2022-05-30 15:57:53', '2023-05-04 17:30:07'),
(12, 3, NULL, '2022071200001', '00001', 480.00, 500.00, NULL, 2, '2022-07-12 00:37:33', '2023-05-04 17:30:07'),
(13, 1, NULL, '2022071200002', '00002', 555.00, 600.00, NULL, 2, '2022-07-12 01:43:54', '2023-05-04 17:30:07'),
(14, 1, NULL, '2022071200003', '00003', 470.00, 500.00, NULL, 2, '2022-07-12 01:59:28', '2023-05-04 17:30:07'),
(15, 3, NULL, '2022071200004', '00004', 105.00, 105.00, NULL, 2, '2022-07-12 02:00:22', '2023-05-04 17:30:07'),
(16, 1, NULL, '2022071300001', '00001', 480.00, 480.00, NULL, 2, '2022-07-12 20:17:56', '2023-05-04 17:30:07'),
(17, 1, NULL, '2022071300002', '00002', 15.00, 15.00, NULL, 2, '2022-07-12 20:26:14', '2023-05-04 17:30:07'),
(18, 1, NULL, '2022071300003', '00003', 15.00, 15.00, NULL, 2, '2022-07-12 20:39:46', '2023-05-04 17:30:07'),
(19, 1, NULL, '2022071300004', '00004', 25.00, 25.00, NULL, 2, '2022-07-12 20:40:44', '2023-05-04 17:30:07'),
(20, 1, NULL, '2022071400001', '00001', 340.00, 600.00, NULL, 2, '2022-07-14 08:14:34', '2023-05-04 17:30:07'),
(21, 1, NULL, '2022071400002', '00002', 625.00, 800.00, NULL, 2, '2022-07-14 17:10:59', '2023-05-04 17:30:07'),
(22, 1, NULL, '2022071400003', '00003', 550.00, 550.00, NULL, 2, '2022-07-15 03:30:47', '2023-05-04 17:30:07'),
(23, 1, NULL, '2022071500001', '00001', 595.00, 595.00, NULL, 2, '2022-07-15 07:20:22', '2023-05-04 17:30:07'),
(24, 1, NULL, '2022071500002', '00002', 505.00, 550.00, NULL, 2, '2022-07-15 07:28:13', '2023-05-04 17:30:07'),
(25, 1, NULL, '2022071500003', '00003', 505.00, 550.00, NULL, 2, '2022-07-15 07:28:42', '2023-05-04 17:30:07'),
(26, 1, NULL, '2022071500004', '00004', 505.00, 550.00, NULL, 2, '2022-07-15 07:29:04', '2023-05-04 17:30:07'),
(30, 1, NULL, '2022071800001', '00001', 520.00, 600.00, NULL, 2, '2022-07-18 21:45:45', '2023-05-04 17:30:07'),
(31, 1, NULL, '2022071800002', '00002', 6435.00, 100000000.00, NULL, 2, '2022-07-18 22:29:28', '2023-05-04 17:30:07'),
(32, 1, NULL, '2022071800003', '00003', 25.00, 25.00, NULL, 2, '2022-07-18 22:30:17', '2023-05-04 17:30:07'),
(33, 1, NULL, '2022071900001', '00001', 50.00, 50.00, NULL, 2, '2022-07-20 04:40:03', '2023-05-04 17:30:07'),
(34, 1, NULL, '2022072000001', '00001', 720.00, 800.00, NULL, 2, '2022-07-20 16:47:08', '2023-05-04 17:30:07'),
(35, 1, NULL, '2022072000002', '00002', 100.00, 200.00, NULL, 2, '2022-07-20 20:15:33', '2023-05-04 17:30:07'),
(36, 1, NULL, '2022072600001', '00001', 65.00, 100.00, NULL, 2, '2022-07-26 14:08:38', '2023-05-04 17:30:07'),
(37, 3, NULL, '2022072700001', '00001', 315.00, 320.00, NULL, 2, '2022-07-27 05:07:53', '2023-05-04 17:30:07'),
(38, 3, NULL, '2022072700002', '00002', 65.00, 100.00, NULL, 2, '2022-07-27 05:10:04', '2023-05-04 17:30:07'),
(39, 1, NULL, '2022072700003', '00003', 455.00, 455.00, NULL, 2, '2022-07-27 14:21:27', '2023-05-04 17:30:07'),
(40, 1, NULL, '2022072800001', '00001', 65.00, 108.00, NULL, 2, '2022-07-28 14:32:45', '2023-05-04 17:30:07'),
(41, 1, NULL, '2022072800002', '00002', 25.00, 25.00, NULL, 2, '2022-07-28 22:31:25', '2023-05-04 17:30:07'),
(42, 3, NULL, '2022072800003', '00003', 910.00, 910.00, NULL, 2, '2022-07-28 22:38:01', '2023-05-04 17:30:07'),
(45, 3, NULL, '2022072800005', '00005', 115.00, 115.00, NULL, 2, '2022-07-28 23:35:10', '2023-05-04 17:30:07'),
(46, 1, NULL, '2022072800006', '00006', 25.00, 25.00, NULL, 2, '2022-07-28 23:44:28', '2023-05-04 17:30:07'),
(47, 1, NULL, '2022072800007', '00007', 25.00, 27.00, NULL, 2, '2022-07-28 23:46:43', '2023-05-04 17:30:07'),
(48, 1, NULL, '2022072800008', '00008', 480.00, 480.00, NULL, 2, '2022-07-29 02:14:06', '2023-05-04 17:30:07'),
(49, 1, NULL, '2022072800009', '00009', 50.00, 50.00, NULL, 2, '2022-07-29 02:18:59', '2023-05-04 17:30:07'),
(50, 1, NULL, '2022072800010', '00010', 480.00, 480.00, NULL, 2, '2022-07-29 02:19:43', '2023-05-04 17:30:07'),
(51, 1, NULL, '2022072800011', '00011', 990.00, 1000.00, NULL, 2, '2022-07-29 02:21:27', '2023-05-04 17:30:07'),
(52, 1, NULL, '2022072900001', '00001', 2235.00, 3000.00, NULL, 2, '2022-07-29 17:11:42', '2023-05-04 17:30:07'),
(53, 6, NULL, '2022073000001', '00001', 470.00, 47000.00, NULL, 2, '2022-07-30 23:33:58', '2023-05-04 17:30:07'),
(54, 1, NULL, '2022073100001', '00001', 1385.00, 6000000.00, NULL, 2, '2022-07-31 11:18:45', '2023-05-04 17:30:07'),
(55, 1, NULL, '2022080200001', '00001', 25.00, 30.00, NULL, 2, '2022-08-02 20:24:04', '2023-05-04 17:30:07'),
(56, 1, NULL, '2022080200002', '00002', 50.00, 10000.00, NULL, 2, '2022-08-03 04:18:12', '2023-05-04 17:30:07'),
(57, 1, NULL, '2022080200003', '00003', 455.00, 1000.00, NULL, 2, '2022-08-03 04:20:45', '2023-05-04 17:30:07'),
(58, 1, NULL, '2022080200004', '00004', 160.00, 1000.00, NULL, 2, '2022-08-03 04:21:28', '2023-05-04 17:30:07'),
(59, 1, NULL, '2022080300001', '00001', 25.00, 50.00, NULL, 2, '2022-08-03 14:13:39', '2023-05-04 17:30:07'),
(60, 1, NULL, '2022080300002', '00002', 15.00, 15.00, NULL, 2, '2022-08-03 20:41:36', '2023-05-04 17:30:07'),
(62, 1, NULL, '2022080400001', '00001', 480.00, 750.00, NULL, 2, '2022-08-04 13:46:34', '2023-05-04 17:30:07'),
(63, 1, NULL, '2022080500001', '00001', 455.00, 455.00, NULL, 2, '2022-08-05 10:07:12', '2023-05-04 17:30:07'),
(64, 1, NULL, '2022080800001', '00001', 625.00, 650.00, NULL, 2, '2022-08-08 20:21:27', '2023-05-04 17:30:07'),
(65, 1, NULL, '2022080800002', '00002', 275.00, 300.00, NULL, 2, '2022-08-08 22:01:32', '2023-05-04 17:30:07'),
(66, 1, NULL, '2022080800003', '00003', 1085.00, 1085.00, NULL, 2, '2022-08-08 22:34:49', '2023-05-04 17:30:07'),
(67, 1, NULL, '2022080900001', '00001', 65.00, 70.00, NULL, 2, '2022-08-10 03:30:39', '2023-05-04 17:30:07'),
(68, 1, NULL, '2022081100001', '00001', 125.00, 2000.00, NULL, 2, '2022-08-11 14:26:09', '2023-05-04 17:30:07'),
(69, 1, NULL, '2022081100002', '00002', 565.00, 600.00, NULL, 2, '2022-08-11 19:40:28', '2023-05-04 17:30:07'),
(70, 1, NULL, '2022081100003', '00003', 280.00, 280.00, NULL, 2, '2022-08-11 20:32:56', '2023-05-04 17:30:07'),
(71, 1, NULL, '2022081500001', '00001', 65.00, 70.00, NULL, 2, '2022-08-15 21:14:13', '2023-05-04 17:30:07'),
(72, 1, NULL, '2022081600001', '00001', 140.00, 200.00, NULL, 2, '2022-08-16 05:42:53', '2023-05-04 17:30:07'),
(73, 1, NULL, '2023042200001', '00001', 15.00, 0.00, NULL, 2, '2023-04-22 20:01:50', '2023-05-04 17:30:07'),
(74, 1, NULL, '2023042200002', '00002', 30.00, 0.00, NULL, 2, '2023-04-22 20:02:28', '2023-05-04 17:30:07'),
(75, 1, NULL, '2023042200003', '00003', 15.00, 0.00, NULL, 2, '2023-04-22 20:02:49', '2023-05-04 17:30:07'),
(76, 1, NULL, '2023042200004', '00004', 25.00, 0.00, NULL, 2, '2023-04-22 22:23:21', '2023-05-04 17:30:07'),
(77, 1, NULL, '2023042200005', '00005', 25.00, 0.00, NULL, 2, '2023-04-22 22:30:50', '2023-05-04 17:30:07'),
(78, 1, NULL, '2023042200006', '00006', 25.00, 0.00, NULL, 2, '2023-04-22 22:31:00', '2023-05-04 17:30:07'),
(79, 1, NULL, '2023042200007', '00007', 85.00, 0.00, NULL, 2, '2023-04-22 22:31:27', '2023-05-04 17:30:07'),
(80, 1, NULL, '2023042200008', '00008', 25.00, 0.00, NULL, 2, '2023-04-22 22:32:22', '2023-05-04 17:30:07'),
(81, 1, NULL, '2023042200009', '00009', 115.00, 0.00, NULL, 2, '2023-04-22 22:33:05', '2023-05-04 17:30:07'),
(82, 1, NULL, '2023042200010', '00010', 115.00, 0.00, NULL, 2, '2023-04-22 22:33:25', '2023-05-04 17:30:07'),
(83, 1, NULL, '2023042200011', '00011', 15.00, 0.00, NULL, 2, '2023-04-22 22:42:48', '2023-05-04 17:30:07'),
(89, 1, NULL, '2023042200016', '00016', 80.00, 0.00, NULL, 2, '2023-04-22 23:07:26', '2023-05-04 17:30:07'),
(92, 1, NULL, '2023042200018', '00018', 25.00, 0.00, NULL, 2, '2023-04-22 23:09:07', '2023-05-04 17:30:07'),
(94, 1, NULL, '2023042200020', '00020', 200.00, 0.00, NULL, 2, '2023-04-22 23:12:02', '2023-05-04 17:30:07'),
(115, 1, NULL, '2023042300020', '00020', 15.00, 0.00, NULL, 2, '2023-04-23 02:30:29', '2023-05-04 17:30:07'),
(120, 1, NULL, '2023042300025', '00025', 15.00, 0.00, NULL, 2, '2023-04-23 12:17:41', '2023-05-04 17:30:07'),
(125, 1, NULL, '2023042300029', '00029', 300.00, 0.00, NULL, 2, '2023-04-23 12:47:53', '2023-05-04 17:30:07'),
(127, 1, NULL, '2023042300031', '00031', 570.00, 0.00, NULL, 2, '2023-04-23 12:50:47', '2023-05-04 17:30:07'),
(128, 1, NULL, '2023042300032', '00032', 25.00, 0.00, NULL, 2, '2023-04-23 13:12:01', '2023-05-04 17:30:07'),
(130, 1, NULL, '2023042300034', '00034', 40.00, 0.00, NULL, 2, '2023-04-23 13:31:58', '2023-05-04 17:30:07'),
(131, 1, NULL, '2023042300035', '00035', 40.00, 0.00, NULL, 2, '2023-04-23 13:32:09', '2023-05-04 17:30:07'),
(155, 1, NULL, '2023050400013', '00013', 15.00, 0.00, NULL, 2, '2023-05-04 15:39:18', '2023-05-04 17:30:07'),
(176, 1, NULL, '2023050500003', '00003', 260.00, 0.00, NULL, 2, '2023-05-05 09:19:09', '2023-05-05 11:17:46'),
(226, 1, NULL, '2023050500050', '00050', 15.00, 0.00, '', 2, '2023-05-05 22:50:38', '2023-05-05 22:54:43'),
(228, 1, NULL, '2023050500052', '00052', 90.00, 0.00, '', 2, '2023-05-05 22:52:51', '2023-05-06 15:15:16'),
(229, 1, NULL, '2023050500053', '00053', 25.00, 0.00, '', 2, '2023-05-05 22:53:03', '2023-05-06 15:15:16'),
(308, 1, 17, '2023071000003', '00003', 95.00, 596.00, '', 2, '2023-07-11 03:57:25', '2023-07-11 06:39:44'),
(309, 1, NULL, '2023071100001', '00001', 300.00, 0.00, '', 0, '2023-07-11 06:37:34', '2023-07-11 06:37:34'),
(310, 1, 17, '2023071100002', '00002', 75.00, 100.00, '', 2, '2023-07-11 06:40:03', '2023-07-11 22:36:38'),
(311, 1, 18, '2023071100003', '00003', 105.00, 0.00, '', 0, '2023-07-11 22:29:59', '2023-07-11 22:29:59'),
(312, 1, 17, '2023071100004', '00004', 255.00, 0.00, '', 0, '2023-07-11 23:08:11', '2023-07-24 21:24:27'),
(313, 1, NULL, '2023071200001', '00001', 75.00, 0.00, '', 0, '2023-07-13 03:31:45', '2023-07-13 03:31:45'),
(314, 1, NULL, '2023071200002', '00002', 75.00, 0.00, '', 0, '2023-07-13 03:34:08', '2023-07-13 03:34:08'),
(315, 1, NULL, '2023071200003', '00003', 85.00, 0.00, '', 0, '2023-07-13 03:34:21', '2023-07-13 03:34:21'),
(316, 3, 20, '2023071200004', '00004', 95.00, 0.00, 'ninguna', 0, '2023-07-13 03:36:34', '2023-07-18 19:03:37'),
(317, 1, 19, '2023071300001', '00001', 105.00, 0.00, '', 0, '2023-07-13 19:30:51', '2023-07-13 19:30:51'),
(318, 1, NULL, '2023071400001', '00001', 95.00, 0.00, '', 0, '2023-07-14 06:14:01', '2023-07-14 06:14:01'),
(319, 3, NULL, '2023071800001', '00001', 85.00, 0.00, '', 0, '2023-07-18 19:01:59', '2023-07-18 19:01:59'),
(320, 3, NULL, '2023071800002', '00002', 225.00, 0.00, '', 0, '2023-07-18 19:03:11', '2023-07-18 19:03:11'),
(321, 3, NULL, '2023073100001', '00001', 160.00, 0.00, '', 0, '2023-07-31 19:17:06', '2023-07-31 19:17:06'),
(322, 1, 21, '2023080100001', '00001', 170.00, 170.00, 'SIN MAYO', 2, '2023-08-01 18:44:41', '2023-08-01 18:45:18'),
(324, 1, 21, '2023080100002', '00002', 180.00, 0.00, '', 0, '2023-08-01 20:24:07', '2023-08-01 20:24:07'),
(326, 1, NULL, '2023081200001', '00001', 75.00, 0.00, '', 0, '2023-08-12 10:12:37', '2023-08-12 10:12:37');

-- --------------------------------------------------------

--
-- Estructura de tabla para la tabla `rest_table`
--

CREATE TABLE `rest_table` (
  `tableid` int(11) NOT NULL,
  `tablename` varchar(50) NOT NULL,
  `person_capicity` int(11) NOT NULL,
  `table_icon` varchar(255) DEFAULT NULL,
  `status` int(11) NOT NULL DEFAULT 0 COMMENT '1=booked,0=free'
) ENGINE=InnoDB DEFAULT CHARSET=utf8 COLLATE=utf8_general_ci;

--
-- Volcado de datos para la tabla `rest_table`
--

INSERT INTO `rest_table` (`tableid`, `tablename`, `person_capicity`, `table_icon`, `status`) VALUES
(17, 'MESA 2', 2, 'uploads/mesas/17.png', 1),
(18, 'MESA 3', 4, NULL, 1),
(19, 'MESA 1', 4, NULL, 1),
(20, 'MESA 5', 5, NULL, 1),
(21, 'MESA 6', 4, NULL, 1);

-- --------------------------------------------------------

--
-- Estructura de tabla para la tabla `system_info`
--

CREATE TABLE `system_info` (
  `id` int(30) NOT NULL,
  `meta_field` text NOT NULL,
  `meta_value` text NOT NULL
) ENGINE=InnoDB DEFAULT CHARSET=utf8mb4 COLLATE=utf8mb4_general_ci;

--
-- Volcado de datos para la tabla `system_info`
--

INSERT INTO `system_info` (`id`, `meta_field`, `meta_value`) VALUES
(1, 'name', 'Restaurante ConfiguroWeb'),
(6, 'short_name', 'Restaurante'),
(11, 'logo', 'uploads/logo.png?v=1657605039'),
(13, 'user_avatar', 'uploads/user_avatar.jpg'),
(14, 'cover', 'uploads/cover.png?v=1653870818'),
(17, 'phone', '456-987-1231'),
(18, 'mobile', '09123456987 / 094563212222 '),
(19, 'email', 'info@musicschool.com'),
(20, 'address', 'Here St, Down There City, Anywhere Here, 2306 -updated');

-- --------------------------------------------------------

--
-- Estructura de tabla para la tabla `users`
--

CREATE TABLE `users` (
  `id` int(50) NOT NULL,
  `firstname` varchar(250) NOT NULL,
  `middlename` text DEFAULT NULL,
  `lastname` varchar(250) NOT NULL,
  `username` text NOT NULL,
  `password` text NOT NULL,
  `avatar` text DEFAULT NULL,
  `last_login` datetime DEFAULT NULL,
  `type` tinyint(1) NOT NULL DEFAULT 0,
  `date_added` datetime NOT NULL DEFAULT current_timestamp(),
  `date_updated` datetime DEFAULT current_timestamp() ON UPDATE current_timestamp()
) ENGINE=InnoDB DEFAULT CHARSET=utf8mb4 COLLATE=utf8mb4_general_ci COMMENT='2';

--
-- Volcado de datos para la tabla `users`
--

INSERT INTO `users` (`id`, `firstname`, `middlename`, `lastname`, `username`, `password`, `avatar`, `last_login`, `type`, `date_added`, `date_updated`) VALUES
(1, 'Mauricio', '', 'Sevilla', 'configuroweb', '4b67deeb9aba04a5b54632ad19934f26', 'uploads/avatars/1.png?v=1657605977', NULL, 1, '2021-01-20 14:02:37', '2022-07-12 01:06:17'),
(3, 'Juan', '', 'Mesero', 'jmesero', '4b67deeb9aba04a5b54632ad19934f26', 'uploads/avatars/3.png?v=1657604018', NULL, 2, '2022-05-28 15:30:45', '2023-05-20 14:30:42'),
(4, 'Juan', '', 'Cocinero', 'jcocinero', '4b67deeb9aba04a5b54632ad19934f26', 'uploads/avatars/4.png?v=1657604502', NULL, 3, '2022-05-30 15:56:15', '2023-05-20 14:31:42'),
(6, 'juan', '', 'rojas', 'user', '202cb962ac59075b964b07152d234b70', NULL, NULL, 2, '2022-07-30 23:32:59', '2023-05-10 19:54:41'),
(7, 'Antony', '', 'Vidaurre Quispe', 'avidaurre', 'ba5cbcff985b7785e961acf332532edb', NULL, NULL, 2, '2022-08-16 13:19:40', '2022-08-16 13:20:23');

--
-- Índices para tablas volcadas
--

--
-- Indices de la tabla `category_list`
--
ALTER TABLE `category_list`
  ADD PRIMARY KEY (`id`);

--
-- Indices de la tabla `menu_list`
--
ALTER TABLE `menu_list`
  ADD PRIMARY KEY (`id`),
  ADD KEY `category_id` (`category_id`);

--
-- Indices de la tabla `order_items`
--
ALTER TABLE `order_items`
  ADD PRIMARY KEY (`id`),
  ADD KEY `order_id` (`order_id`),
  ADD KEY `menu_id` (`menu_id`);

--
-- Indices de la tabla `order_list`
--
ALTER TABLE `order_list`
  ADD PRIMARY KEY (`id`),
  ADD KEY `user_id` (`user_id`),
  ADD KEY `table_id` (`table_id`);

--
-- Indices de la tabla `rest_table`
--
ALTER TABLE `rest_table`
  ADD PRIMARY KEY (`tableid`);

--
-- Indices de la tabla `system_info`
--
ALTER TABLE `system_info`
  ADD PRIMARY KEY (`id`);

--
-- Indices de la tabla `users`
--
ALTER TABLE `users`
  ADD PRIMARY KEY (`id`);

--
-- AUTO_INCREMENT de las tablas volcadas
--

--
-- AUTO_INCREMENT de la tabla `category_list`
--
ALTER TABLE `category_list`
  MODIFY `id` int(30) NOT NULL AUTO_INCREMENT, AUTO_INCREMENT=22;

--
-- AUTO_INCREMENT de la tabla `menu_list`
--
ALTER TABLE `menu_list`
  MODIFY `id` int(30) NOT NULL AUTO_INCREMENT, AUTO_INCREMENT=22;

--
-- AUTO_INCREMENT de la tabla `order_items`
--
ALTER TABLE `order_items`
  MODIFY `id` int(11) NOT NULL AUTO_INCREMENT, AUTO_INCREMENT=763;

--
-- AUTO_INCREMENT de la tabla `order_list`
--
ALTER TABLE `order_list`
  MODIFY `id` int(30) NOT NULL AUTO_INCREMENT, AUTO_INCREMENT=327;

--
-- AUTO_INCREMENT de la tabla `rest_table`
--
ALTER TABLE `rest_table`
  MODIFY `tableid` int(11) NOT NULL AUTO_INCREMENT, AUTO_INCREMENT=22;

--
-- AUTO_INCREMENT de la tabla `system_info`
--
ALTER TABLE `system_info`
  MODIFY `id` int(30) NOT NULL AUTO_INCREMENT, AUTO_INCREMENT=21;

--
-- AUTO_INCREMENT de la tabla `users`
--
ALTER TABLE `users`
  MODIFY `id` int(50) NOT NULL AUTO_INCREMENT, AUTO_INCREMENT=9;

--
-- Restricciones para tablas volcadas
--

--
-- Filtros para la tabla `menu_list`
--
ALTER TABLE `menu_list`
  ADD CONSTRAINT `category_id_fk_ml` FOREIGN KEY (`category_id`) REFERENCES `category_list` (`id`) ON DELETE CASCADE ON UPDATE NO ACTION;

--
-- Filtros para la tabla `order_list`
--
ALTER TABLE `order_list`
  ADD CONSTRAINT `order_list_ibfk_1` FOREIGN KEY (`table_id`) REFERENCES `rest_table` (`tableid`) ON DELETE CASCADE ON UPDATE CASCADE,
  ADD CONSTRAINT `user_id_fk_ol` FOREIGN KEY (`user_id`) REFERENCES `users` (`id`) ON DELETE CASCADE ON UPDATE NO ACTION;
COMMIT;

/*!40101 SET CHARACTER_SET_CLIENT=@OLD_CHARACTER_SET_CLIENT */;
/*!40101 SET CHARACTER_SET_RESULTS=@OLD_CHARACTER_SET_RESULTS */;
/*!40101 SET COLLATION_CONNECTION=@OLD_COLLATION_CONNECTION */;
